<?xml version="1.0" encoding="UTF-8"?>

<beans xmlns="http://www.springframework.org/schema/beans" xmlns:xsi="http://www.w3.org/2001/XMLSchema-instance"
xmlns:context="http://www.springframework.org/schema/context" xmlns:p="http://www.springframework.org/schema/p" xsi:schemaLocation="http://www.springframework.org/schema/beans http://www.springframework.org/schema/beans/spring-beans-3.0.xsd http://www.springframework.org/schema/context http://www.springframework.org/schema/context/spring-context-3.0.xsd">


<bean id="ds" class="org.springframework.jdbc.datasource.DriverManagerDataSource">
<property name="driverClassName" value="com.mysql.cj.jdbc.Driver"></property>
<property name="url" value="jdbc:mysql://localhost:3306/springorm"></property>
<property name="username" value="root"></property>
<property name="password" value="1234"></property>
</bean>

<bean id="jdbcTemplate" class="org.springframework.jdbc.core.JdbcTemplate">
 <property name="dataSource" ref="ds"></property>
</bean>

<bean id="studentBean" class="com.springorm.dao.StudentDao">
  <property name="objJDBC" ref="jdbcTemplate"></property>
</bean>

<bean id="calssBean" class="com.springorm.dao.ClassesDao">
  <property name="classobjJDBC" ref="jdbcTemplate"></property>
</bean>

<bean id="resultBean" class="com.springorm.dao.ResultDao">
  <property name="RobjJDBC" ref="jdbcTemplate"></property>
</bean>

</beans>