<?xml version="1.0" encoding="UTF-8"?>
<beans xmlns="http://www.springframework.org/schema/beans" xmlns:xsi="http://www.w3.org/2001/XMLSchema-instance"
xmlns:context="http://www.springframework.org/schema/context" xmlns:p="http://www.springframework.org/schema/p" xsi:schemaLocation="http://www.springframework.org/schema/beans http://www.springframework.org/schema/beans/spring-beans-3.0.xsd http://www.springframework.org/schema/context http://www.springframework.org/schema/context/spring-context-3.0.xsd">

	<context:annotation-config></context:annotation-config>

<bean id="dataSource" class="org.springframework.jdbc.datasource.DriverManagerDataSource">
<property name="driverClassName" value="com.mysql.cj.jdbc.Driver"></property>
<property name="url" value="jdbc:mysql://localhost:3306/employeedata"></property>
<property name="username" value="root"></property>
<property name="password" value="root"></property>
</bean>

<bean id="mySessionFactory" class="org.springframework.orm.hibernate5.LocalSessionFactoryBean">
 <property name="dataSource" ref="dataSource"></property>

<property name="hibernateProperties">
  <props>
    <prop key="hibernate.dialect">org.hibernate.dialect.MySQL8Dialect</prop>
  <prop key="hibernate.hbm2ddl.auto">update</prop>
  <prop key="hibernate.show_sql">true</prop>
</props>
</property>
<property name="annotatedClasses">
	<list><value>com.yash.hibernate.model.Employee</value>
	<value>com.yash.hibernate.model.Department</value>
	<value>com.yash.hibernate.model.Irm</value>
	<value>com.yash.hibernate.model.BaseLocation</value>
	<value>com.yash.hibernate.model.Project</value></list>
</property>
</bean>
<bean id="hbmTemplate" class="org.springframework.orm.hibernate5.HibernateTransactionManager">
  <property name="sessionFactory" ref="mySessionFactory"></property>
</bean>

<bean id="empDao" class="com.yash.hibernate.dao.EmployeeDAO">
  <property name="hbmObj" ref="hbmTemplate"></property>
</bean>

<bean id="hqlDao" class="com.yash.hibernate.dao.HbmHqlDAO"></bean>

</beans>