<?xml version="1.0" encoding="UTF-8"?>
<beans xmlns="http://www.springframework.org/schema/beans" xmlns:xsi="http://www.w3.org/2001/XMLSchema-instance"
xmlns:context="http://www.springframework.org/schema/context" xmlns:p="http://www.springframework.org/schema/p" xsi:schemaLocation="http://www.springframework.org/schema/beans http://www.springframework.org/schema/beans/spring-beans-3.0.xsd http://www.springframework.org/schema/context http://www.springframework.org/schema/context/spring-context-3.0.xsd">

     <context:annotation-config/>

<bean id="dataSource" class="org.springframework.jdbc.datasource.DriverManagerDataSource">
<property name="driverClassName" value="com.mysql.cj.jdbc.Driver"></property>
<property name="url" value="jdbc:mysql://localhost:3306/springorm33"></property>
<property name="username" value="root"></property>
<property name="password" value="1234"></property>
</bean>
 

<bean id="mySessionFactory" class="org.springframework.orm.hibernate5.LocalSessionFactoryBean">
 <property name="dataSource" ref="dataSource"></property>
  <property name="annotatedClasses"> 
        <list>
              <value>com.yash.model.BaseLocation</value>
              <value>com.yash.model.Employee</value>
              <value>com.yash.model.Department</value>
              <value>com.yash.model.Project</value>
              <value>com.yash.model.Irm</value>
              
        </list>
 </property>

 <!--  
 <bean id="mySessionFactory" class="org.springframework.orm.hibernate5.annotation.AnnotationSessionFactoryBean">
    <property name="dataSource" ref="dataSource"/>
   -->
 
<property name="hibernateProperties">
  <props>
    <prop key="hibernate.dialect">org.hibernate.dialect.MySQL8Dialect</prop>
  <prop key="hibernate.hbm2ddl.auto">update</prop>
  <prop key="hibernate.show_sql">true</prop>
</props>
</property>
</bean>
<bean id="hbmTemplate" class="org.springframework.orm.hibernate5.HibernateTransactionManager">
  <property name="sessionFactory" ref="mySessionFactory"></property>
</bean>

<bean id="empDaobean" class="com.yash.dao.Employeedao">
  <property name="hbmObj" ref="hbmTemplate"></property>
</bean>
<bean id="depbeandao" class="com.yash.dao.DepartmentDao">
  <property name="hbmObj" ref="hbmTemplate"></property>
</bean>

<bean id="projectbeen" class="com.yash.dao.ProjectDao">
  <property name="hbmObj" ref="hbmTemplate"></property>
</bean>

<bean id="baselocbeen" class="com.yash.dao.BaseLocationDao">
  <property name="hbmObj" ref="hbmTemplate"></property>
</bean>

<bean id="irmbeen" class="com.yash.dao.IrmDao">
  <property name="hbmObj" ref="hbmTemplate"></property>
</bean>
</beans>